A1A,A2A,A3A,A4A,A4B,A3B,A2B,A1B,B1A,B2A,B3A,B4A,B4B,B3B,B2B,B1B,timestamp
1.774163057974272e-08,1.5537852541451056e-06,2.3966186182847077e-06,2.6623403412539282e-06,2.3633130290529976e-06,1.3332506491456444e-06,2.0549302484298083e-07,1.475186207187901e-06,2.303611413132499e-08,5.335781652807524e-07,5.770029345898998e-07,2.367158770584461e-06,1.5775454455982921e-06,1.7284077075193883e-06,6.688390046814918e-07,2.3597562298422272e-07,824900.8517234173
4.780174560342705e-08,5.142693794839124e-07,2.466495888511411e-06,5.771312323089163e-07,7.915643757323928e-07,3.440607643016916e-07,9.323432046829428e-08,4.943897386097231e-07,2.9230905792121864e-08,1.564704778551128e-06,2.1691985673110495e-06,1.1108400198766275e-06,4.872457228557662e-06,2.475433540520622e-06,1.2328069064257443e-06,2.2870485949721866e-07,824905.595037732
2.0131138300106333e-07,9.46395740786112e-07,2.90544219727644e-06,1.1165170152842382e-06,1.7727827544921538e-06,7.73685726593129e-07,5.416331590465997e-07,9.283828432692911e-07,2.343765974734056e-08,5.489703112211807e-07,7.268875785142145e-07,3.1734869799172995e-06,1.954948866779579e-06,1.501741236728295e-06,1.0405846525961495e-06,3.2526129620261455e-07,824910.3166156466
1.990387786036691e-07,2.226490443641667e-06,1.2807366494874608e-06,1.2936672452282497e-07,1.6180932274397116e-06,1.0385221213746066e-06,5.120144901638772e-07,1.7810956811760859e-07,1.1856518955159228e-08,6.526715967092802e-07,1.0887275885325982e-06,2.0012636166703986e-06,2.676823755554561e-06,2.1452668869163355e-06,4.1962542678141906e-07,1.4008638729264173e-07,824915.0545680613
1.3391067633353797e-07,1.071024898009047e-06,2.4950155701385697e-06,1.2272679301720845e-06,2.3892591498318534e-06,1.646509276833391e-06,9.404446159549181e-07,6.312744108952368e-07,3.017386524720507e-08,4.6451003907264637e-07,4.6446379332594316e-07,1.598821491063239e-06,1.3507763603042282e-06,5.456381320244466e-07,5.828993177053316e-07,3.694700711183208e-07,824919.7872819757
1.38092382378447e-07,2.359625703115833e-06,1.3985190962476712e-06,7.858251184930683e-07,7.08491693329379e-07,2.7762241464910702e-06,1.9082236690391914e-06,9.064958491007901e-07,2.1458883809028713e-08,5.418373135724863e-07,8.948381097640014e-07,3.4610681833531993e-06,1.8151044354899453e-06,1.9281279188189064e-06,1.2767020791438419e-06,1.6571689156093143e-07,824924.5035539903
2.448223923819755e-07,1.848094891040383e-06,1.4519092954626773e-06,1.2611773916726373e-06,1.198923382834294e-06,4.5956995673146597e-07,2.2703771775814598e-06,1.6494689680559217e-06,2.6556867080138e-08,2.1177480767406096e-06,1.1758506273336668e-06,2.0038164213574178e-06,1.5522390834841483e-06,4.682127895127684e-06,5.9930184114213e-06,6.928091163882275e-07,824929.231773405
3.0255357591255223e-07,2.500418190979344e-06,1.0694005245563337e-05,2.696748651463774e-07,4.450322425694094e-06,2.124003134168756e-06,3.341826313860345e-06,1.446943757691106e-06,1.581083992210129e-08,5.611935154963025e-07,6.992962160033587e-07,1.2003667055851494e-06,1.4118729658560679e-06,2.5294692842012466e-06,4.2593205214889096e-07,1.2466698325116685e-07,824933.9767721195
5.334796967631224e-08,2.1944350577085186e-06,6.29249138513361e-07,8.319192833816528e-08,1.907803169388227e-06,6.033560837322863e-07,1.8835772594317418e-07,2.7005189845508324e-07,2.375520165867676e-08,9.358201023030104e-07,8.864497391516676e-07,1.8892973347482085e-06,1.9467193723764637e-06,1.5861387783676218e-06,1.1630938573375274e-06,2.566855212918937e-07,824938.6947986342
1.86509525040526e-07,8.604518263937891e-07,3.3357108768205477e-06,5.754900928090273e-07,3.0515967850483955e-06,8.125438898221889e-07,5.192396828102527e-07,4.686903310938431e-07,1.6186851723857145e-08,9.269664584097457e-07,9.89043356237669e-07,1.9518666355004835e-06,1.995623376504715e-06,1.0136702862505173e-06,4.982519567001445e-07,1.531066892777041e-07,824943.4380059488
1.1113221356266223e-07,1.2879109312904187e-06,1.7439618312446482e-06,4.739297869269546e-07,1.928107757316954e-06,6.352464741118713e-07,3.029333412703605e-07,1.3394221453680806e-07,1.535549387158355e-08,3.280868094134371e-07,2.2841790374884586e-07,1.4707983064182172e-06,7.757295466294813e-07,1.4561396597634891e-06,6.537777920913475e-07,2.603321454010316e-07,824948.1849396634
9.802395255367197e-08,2.3239392826994145e-06,1.27137875945746e-06,1.279696517254108e-06,7.044289249351635e-06,6.34993042539261e-06,3.078092560504293e-05,5.859246199215897e-06,2.297818273580303e-08,2.7181204345110976e-06,1.6366375931678705e-06,3.6579140193733373e-06,2.3275869314269682e-06,7.359154385655095e-06,1.2956517029822565e-05,1.343583929179874e-06,824952.9105677779
2.1731545828405896e-07,1.848880958036649e-06,1.1777394128711247e-06,3.0125326782262825e-07,3.877109137316605e-06,3.8796521038155207e-07,3.478306244061055e-07,2.429282602816829e-07,2.861324508106937e-08,2.930324261036944e-07,7.225187186886172e-07,1.9768192750280177e-06,2.108150936954614e-06,1.9246020843911277e-06,8.512648235830678e-07,4.073827620953621e-07,824957.6658536928
3.233486860867065e-08,2.04472701245562e-06,1.4598588427844467e-06,2.0867267033839318e-07,7.845054418043244e-07,7.818463773550695e-07,9.519018633850304e-07,1.8077677116497996e-07,2.033467569388867e-08,7.461354792562832e-07,3.782859379688906e-07,1.6822664200590688e-06,1.7647402035559669e-06,1.6664602173891609e-06,9.54610336182058e-07,7.83186579614366e-08,824962.3918747073
2.6546302113961056e-07,2.002245862609253e-06,1.3285958097326973e-06,6.745760814420594e-07,1.0762453367259874e-06,1.5425168508955937e-06,4.185014674450242e-06,1.6419946210004006e-06,1.1805258718095008e-08,1.2100480360124118e-06,3.278953797348223e-06,2.7944372861932123e-06,5.327292819747323e-06,7.092165204225919e-06,1.445361018948546e-05,7.251364143142665e-07,824967.141515522
2.268832830370726e-07,1.3264630941546306e-06,1.743026545365599e-06,1.9853213384462174e-06,1.1029142619457187e-05,1.0398475454845414e-05,2.8376210208873305e-05,8.62232200383297e-06,4.6350914095233524e-08,1.4200435912603241e-05,2.968652061986756e-06,6.4370298681934165e-06,1.0426506728756203e-06,1.8216516617976934e-05,8.190753863754238e-05,3.885422864355757e-06,824971.8885231366
0.0004840042906079046,2.4840946467544386e-06,3.6799234569639088e-06,3.2197045028459423e-06,1.0743186338376524e-05,6.235579034035606e-06,3.04547069383199e-05,6.6398539528116265e-06,0.0005041869204154428,1.0712731098608458e-05,1.902258308991676e-06,1.2121595752468326e-05,1.9017685443191688e-06,4.438641789426705e-06,4.0464545606976236e-05,3.14917428695708e-06,824976.6142224512
8.191026073768667e-08,2.9755266441229128e-06,1.1901467388495802e-06,8.547541827552173e-07,3.690871163042319e-06,8.293883123843516e-07,2.485727733486131e-07,2.482484990972574e-07,1.0556947039548375e-08,7.531903808018419e-07,8.35501988850881e-07,1.7809212313578295e-06,1.6769093104709047e-06,1.3768252034647345e-06,1.3479453950327162e-07,1.3657574848945153e-07,824981.3330755658
1.651022452765625e-07,1.1077922698020178e-06,3.7183460768096266e-06,4.987570695028281e-07,4.176413800516557e-06,2.212923210648721e-06,1.262183023793855e-06,1.4024225408332877e-06,1.622883824337854e-08,8.183990124436911e-07,6.615404840693029e-07,1.7537343690521542e-06,1.5245777447036073e-06,1.2677288467646065e-06,2.4199201597194764e-06,4.2269015767364077e-07,824986.0683188804
2.286087801968231e-07,1.1575153989343511e-06,6.072083222291614e-07,2.1823139384201662e-06,7.060502073109683e-07,1.7851925036172832e-06,7.171779038378301e-06,9.608680051607282e-07,2.5622367792571773e-08,4.107620784442158e-06,2.033391844944298e-06,5.83765172362101e-06,2.103692806527186e-06,4.0528905602224176e-06,1.6731675561127533e-05,9.040352288123429e-07,824990.806216495
9.213955817151606e-08,3.0497296846394213e-06,6.834417706069621e-07,8.416122597323235e-07,1.6405693124305662e-06,7.922277875451022e-07,2.0958956315663022e-07,8.140025718270922e-07,1.8393846669516907e-08,9.269898284737053e-07,1.1665088912188917e-06,1.98827453366189e-06,2.4423601329349417e-06,1.8224545015969663e-06,4.6874673586911353e-07,1.5779315473251933e-07,824995.5564626097
8.518252539177696e-08,2.873539868322576e-06,7.970513043458826e-07,5.96333796283818e-07,3.6900390211690225e-07,6.043858256630473e-07,1.4773079240784418e-06,3.2751919493728494e-07,1.6643638030216342e-08,1.7925802550164814e-06,9.747676852568383e-07,1.956968464676488e-06,2.740303316503487e-06,1.966548960351362e-06,2.6473770028258e-06,3.34034834315447e-07,825000.2865865243
5.049122746992209e-09,1.0149188894541014e-06,1.3994795528816786e-06,6.716574505793391e-07,2.799451830797113e-06,7.609660239951969e-07,9.643614964385038e-07,1.301740266639579e-07,2.865870375634234e-08,1.0311162607253985e-06,1.0769158824209525e-06,3.6871970686183595e-06,3.0795304355613765e-06,1.4723532122574281e-06,1.4450380821548228e-06,1.7248265000755572e-07,825005.036168339
3.206489903622021e-08,1.6258074994812836e-06,1.2386946881119584e-06,4.521809386486753e-07,7.842587675242248e-07,7.94424207166734e-07,5.364520899826585e-07,4.808945143542832e-07,2.19575319445722e-08,5.134393240697849e-07,5.171706032806145e-07,2.4539375746734446e-06,1.5051350305294744e-06,1.2884029202371762e-06,9.552530449577665e-07,1.9965197930110324e-07,825009.7909461537
7.597951355002508e-08,5.363180146138371e-06,7.123295267164697e-06,7.362321812527033e-07,4.225731677289226e-06,1.4545264287272192e-06,9.33128904060188e-07,3.5168085571671737e-07,2.1869545769007648e-08,6.274897697761583e-07,1.2383946988499492e-06,1.9042541244821076e-06,3.137692383373792e-06,1.6573519042047933e-06,4.794509395424135e-07,2.249194739572649e-07,825014.5434730683
1.244486039567526e-07,2.2353257658375366e-06,7.762306421665188e-07,1.8628035545591482e-06,4.663089089866129e-06,2.624766154134773e-06,1.0731646550411818e-06,1.2535503670694717e-06,2.194991630109662e-08,8.287267129554795e-07,6.37685820232982e-07,1.49561319285708e-06,1.5511809527256989e-06,1.6217814613482536e-06,1.142011089968569e-06,2.1018093479634787e-07,825019.293448683
2.116260005683141e-07,3.549408170305704e-07,5.080543223865831e-06,3.095860922099693e-07,5.59019937008178e-07,2.6222800715323764e-07,4.932522249347029e-07,5.348400368348112e-07,4.230461285215235e-08,3.324334776601725e-07,1.093379268695961e-06,3.1502665388067554e-06,2.7390670810243463e-06,2.2649096028456667e-06,1.2007261796392134e-06,2.6023134948574043e-07,825024.0176989975
1.1674818012154802e-07,5.606567862545351e-07,2.034455911009049e-06,4.5760571308799216e-07,1.6548584846142293e-06,2.635166289740874e-07,1.0265310302078717e-07,1.5150020820749484e-07,2.208271022483148e-08,5.828425678466648e-07,7.894886115245631e-07,9.878149979058435e-07,2.0281553325541616e-06,6.60350614061752e-07,5.745182931250675e-07,2.0430860207561544e-07,825028.7210851121
1.0517018398150828e-07,9.111771562868553e-07,2.9680334898728146e-06,7.071166700038538e-07,1.7317069310618816e-06,1.0658141645793516e-06,2.6447323174489285e-07,8.00521280068707e-07,1.4746010323540981e-08,5.170874903362789e-07,6.001321881901206e-07,1.3157399963136626e-06,1.4011511601713866e-06,1.9769525430056342e-06,5.712259777117748e-07,1.2191616355684605e-07,825033.4532376267
3.6200660768968166e-08,6.365603938264872e-06,5.650575872887664e-06,5.729137083424851e-07,3.2948438430839415e-06,8.954366330016172e-07,8.230362889407837e-07,2.14796924761034e-07,1.8673712078026577e-08,7.53474003174089e-07,9.382500792694375e-07,2.2677559542140637e-06,2.0653359964047175e-06,7.873613258639108e-07,1.0767995626220545e-06,3.0663216640505445e-07,825038.1966722413
1.9539977756555646e-07,5.869941666206916e-07,7.791007985990078e-07,1.620299051307585e-07,8.919533606522615e-07,9.683986833225352e-07,5.36450796230473e-07,2.597083457610875e-07,1.971564024297174e-08,3.176862264391716e-07,1.8424857840449593e-07,2.1884220217325465e-06,8.387076708703577e-07,1.8108693024175567e-06,5.676323327007141e-07,1.4503519085652115e-07,825042.940083156
6.045838984715436e-08,1.7854555655663914e-06,1.6118410806421015e-06,1.8899703958503993e-07,7.050212996006684e-07,3.6715761790719044e-07,3.691736274939094e-07,4.0757907974789615e-07,1.2863380279463651e-08,8.1546521661742e-07,7.650361306432247e-07,7.505801896155642e-07,9.509277017865655e-07,1.7630402418545032e-06,4.563229162801638e-07,2.1446752196513715e-07,825047.6581858705
1.4593877163810683e-07,1.9308347640393478e-06,2.855564448425932e-06,1.3400664372311337e-07,1.1471998878022384e-06,1.1968465329243983e-06,8.815744941250208e-07,7.926200260779026e-07,1.5793055678103594e-08,1.4995500435160402e-06,1.1213082737440011e-06,3.05151223298891e-06,2.5392457229645514e-06,3.6207924224571013e-06,4.860468943280704e-07,1.4414015747321947e-07,825052.4039811852
1.03603478488892e-07,1.3123261736137746e-06,1.9507690235590765e-06,4.931807242002671e-07,8.563019143124668e-07,2.4968347956207156e-06,1.1121383539475813e-06,3.3296034233393645e-07,1.795080983357975e-08,6.006082297979793e-07,1.0488074850390778e-06,3.130993320349839e-06,2.5864222115323464e-06,9.452793717854303e-07,5.530254517016293e-07,2.418064946010686e-07,825057.1273644997
8.945722861676806e-08,1.6472635338112819e-06,5.006439494493392e-06,9.525647033319109e-07,2.2984614919201313e-06,7.788408133939397e-07,4.983621917166335e-07,4.807300011783419e-07,1.9009310260664812e-08,1.3963552246851024e-06,9.578469806790736e-07,1.988612257930116e-06,1.8968379908737951e-06,1.295090075967582e-06,3.694564927935761e-07,1.4103755764622156e-07,825061.8718800144
1.2058773220422857e-07,1.7990485410661887e-06,3.025787180757956e-06,8.389456675968703e-07,2.087812725765009e-06,6.543608906330574e-07,5.02117232121961e-07,1.1983057820922462e-06,2.838898183777898e-08,8.062476506362407e-07,5.755240476719059e-07,2.408452505036063e-06,1.6675387488160198e-06,1.621918078550417e-06,4.0634075223684444e-07,1.41929497456631e-07,825066.6265602291
8.254164302943755e-08,1.0573763105177943e-06,3.8112879796545925e-06,1.748192375105021e-07,8.59567064462245e-07,1.6806820789998185e-06,1.2302085318804923e-06,1.7034811355814193e-07,3.763238497974839e-08,9.727967566952573e-07,7.465761319727919e-07,2.2697315566632083e-06,8.177648348466913e-07,1.982821137963461e-06,8.974750060689227e-07,3.5655068109234277e-07,825071.3543801437
2.0882348442012313e-07,4.259665306395792e-07,6.033518570264668e-06,8.691467245896938e-07,1.2503224617203869e-06,5.01364198835351e-07,2.3792993930337052e-07,8.891636787861776e-07,2.3007859843812318e-08,1.1223501892504737e-06,8.989114887223585e-07,2.1853743510010115e-06,3.589240547684658e-06,1.563902734071669e-06,8.821532393599601e-07,5.825000916111538e-07,825076.0827235582
8.595336366865993e-08,2.5814969960165496e-06,1.3668737140329171e-06,3.403844572482474e-07,1.0827406409197019e-06,6.373449655988977e-07,6.469274796159979e-07,7.791838106327889e-07,9.254207964265356e-09,1.7976184722585022e-06,6.24894633102275e-07,2.1555507635327214e-06,2.346687091321385e-06,1.3280668930235608e-06,1.0857791519531305e-06,2.4139908771227996e-07,825080.8062612729
6.094825799505888e-08,6.930811847453414e-07,2.660976124798572e-06,3.1570049898625944e-07,1.4130290418413058e-06,1.4552407665918392e-06,1.380889729028861e-07,5.641379109997866e-07,9.872514569501972e-09,7.120336031170294e-07,1.3068319402686896e-06,1.4904753315201726e-06,4.162671226237783e-06,1.3106810778338377e-06,6.785122721043532e-07,4.11450696373343e-07,825085.5480057874
1.5834928702014887e-07,5.3533780985458156e-06,1.2952125331516438e-06,8.539301485766038e-07,2.815371139565923e-06,2.145566609412961e-06,1.457596190721212e-06,2.429117462125195e-06,3.74779622643773e-08,7.104509914753581e-07,3.87049200131265e-07,3.6049889382266373e-06,1.1737828913871055e-06,6.589252860341337e-07,2.254263662444618e-06,2.435935200446057e-07,825090.3031252022
9.110103888010605e-08,4.163076513468056e-06,1.2611082463136067e-06,7.5344011288537974e-06,2.0649192804655708e-06,2.032478014433557e-06,8.353886826626719e-06,2.9993261779645145e-06,2.3543348059682867e-08,3.2228078180576284e-06,2.049373235951559e-06,1.911011737413835e-06,1.2037819738309372e-06,3.5016996820788543e-06,7.499739928146984e-06,2.3002163468641e-07,825095.0288050168
3.277150955624884e-07,2.1232849785571613e-06,3.2197445670519547e-06,2.933760798083569e-06,1.465397046460308e-06,7.125406350314826e-07,1.7706592282542189e-06,1.4188769447200005e-06,1.80300128015605e-08,1.9493739432439865e-06,9.61966378438714e-07,1.177072239864557e-06,1.9071684322484339e-06,1.4004685220677075e-06,1.5959925859969456e-06,4.5505391634984706e-07,825099.7528798314
7.69839180250491e-08,1.0866445015583623e-06,9.92590345513157e-07,2.8675961069880537e-06,1.0699320277773809e-05,6.67536236224811e-07,1.1601031176056528e-06,6.692227198230255e-07,1.586778350195311e-08,2.7660185093874693e-06,2.3636335065413886e-06,2.2960453018992513e-06,2.647478675057364e-06,4.68090373787214e-06,3.2815901124684865e-06,4.4697559049418553e-07,825104.496519246
7.415283275124071e-08,2.305988975210722e-06,1.4018253534955992e-06,2.393859840632519e-06,1.716317220276475e-06,1.453549906686987e-06,8.045434446858607e-06,2.1695459275983363e-07,1.6844689798634173e-08,3.0393943170167184e-06,1.3131125361222767e-06,1.3703643487183158e-06,1.9390989808146177e-06,1.0328417339928196e-06,1.7997249893748358e-06,1.9500688196822903e-07,825109.2235328605
1.2238800112600952e-07,9.967281970980051e-07,2.095589300707544e-06,6.27928205333144e-07,1.0378826337309603e-06,2.7714779968260717e-06,2.975816080509267e-06,7.16124888334648e-07,2.125291458995303e-08,1.2481508843538356e-06,3.0032919053504437e-07,2.1398639892542566e-06,1.2216717529299868e-06,8.268888558342304e-07,1.8016835765146138e-06,2.1493936294777198e-07,825113.9780780752
1.0525412847851809e-07,3.873511262816559e-06,1.9655700342740615e-06,3.8201018804787643e-07,3.466077550354369e-06,1.103175058801802e-06,7.749686734515431e-07,6.226276934877345e-07,1.351134568028057e-08,8.06691774885707e-07,2.034066053514569e-07,2.966051989068766e-06,1.1525980825240561e-06,1.4004626083504206e-06,9.048439661557194e-07,1.8584888226161789e-07,825118.7148146898
2.1639104290608304e-07,2.221913558764853e-06,4.5843495691873866e-06,1.3122723218965143e-06,1.4427645157057785e-06,8.914299611909236e-07,9.898058900730172e-07,2.1260959684742405e-07,1.7193055629631196e-08,9.584812273470063e-07,8.177635890403237e-07,1.5823244056543738e-06,1.2276423609323777e-06,1.322332905560131e-06,6.10871615933855e-07,3.4029309350612467e-07,825123.4582684046
1.7934732429060897e-07,1.008438172374281e-05,4.191109716796957e-06,1.6271485065315208e-06,4.173564342162855e-06,3.6608280239306326e-07,1.7065004657600755e-05,5.880243848156381e-07,2.813203014331824e-08,1.0117637993629225e-05,7.1424520914588485e-06,2.644300397329878e-06,2.3385380486479867e-06,2.0104070247631525e-06,7.279411687620396e-06,1.9431752947951802e-07,825128.1928647191
7.663565177982824e-08,1.286106211703565e-06,4.208010156236763e-06,4.4674143814401875e-07,2.0272070887286026e-06,1.929954097551681e-07,2.0243238354786325e-07,6.072871328534066e-07,2.7065543700981057e-08,7.273249549097573e-07,8.11449371602791e-07,1.2447281062930603e-06,2.205434544321013e-06,2.805883655089115e-06,5.56892306258748e-07,1.9629940539500208e-07,825132.9378190337
3.256152697727772e-08,5.016912684355857e-06,1.7009193879792622e-06,1.5162599559374919e-05,5.07697810911375e-06,1.5828086601138941e-06,1.1137231130191458e-05,3.904478253384145e-07,2.141395402007705e-08,3.68542176021246e-05,1.2174971010728148e-05,1.0082562219411817e-05,2.4945467302543986e-06,2.663281875687849e-06,1.2518990290642333e-05,2.1219887326026752e-07,825137.6490343483
1.556536896706764e-07,1.2570467494034183e-06,1.748457929753557e-06,9.521573957883688e-08,4.013912131065463e-06,9.651848524432225e-07,2.2669072181249946e-07,1.129433176070355e-07,3.1914685046883426e-08,3.311905296464111e-07,5.830710896682585e-07,1.57575521848983e-06,1.1740021949861041e-06,1.3208454584503158e-06,6.868923778182954e-07,1.7471931499167115e-07,825142.3812284629
9.61245986627105e-08,1.8960042225723743e-06,2.4227568974345048e-06,9.1306060771927e-07,1.6885758098451428e-06,6.68825595038645e-07,6.123324768781387e-07,5.054647139276405e-07,1.4210370738703131e-08,5.216566331687458e-07,4.964599033959787e-07,4.005224436552413e-06,1.581899232689795e-06,1.1154552053930883e-06,5.397682047811744e-07,2.6202634177547003e-07,825147.1056670775
2.6713474503389814e-07,3.8044646550633775e-06,3.7866447509026493e-06,1.358607445084484e-06,2.5048845209873144e-06,3.098372540763679e-07,2.1539741796714266e-06,2.473090025685454e-07,3.1156903608115245e-08,4.673243599533042e-06,3.6804843069577404e-06,2.611401020321732e-06,3.2993575650679175e-06,1.7553968275128691e-06,6.435308116313485e-06,2.6853290194997283e-07,825151.8575246922
8.153631898286568e-08,1.6342946078420511e-06,1.0675624141540808e-06,2.0879647645265027e-07,1.980359169688033e-06,3.2541057093470054e-07,3.453564881415457e-07,3.810029449701974e-07,2.365605001538472e-08,3.0734665154393627e-07,7.481497047484443e-07,1.73775481002878e-06,1.7383919837971376e-06,8.021124437572326e-07,7.818176672015768e-07,1.7598432272922342e-07,825156.6021623068
1.0613604907437031e-07,1.4211824663617447e-06,3.0204672335644324e-06,1.4339320109169314e-06,2.4414207528147465e-06,3.0762437613417423e-06,1.649612351731094e-06,2.7533739675954096e-07,1.6097150584971912e-08,5.592206094703517e-07,4.1907468693554345e-07,1.757482498240969e-06,1.2265766996858626e-06,2.154360340198085e-06,9.443245413641061e-07,2.605216558580884e-07,825171.4303119526
5.450281267950427e-08,8.961282674888135e-07,7.299626891027219e-07,1.0176475307721955e-06,2.9591783648632074e-07,2.034011469152668e-07,2.062811054954772e-06,3.0669326580800166e-07,1.5932874893859133e-08,7.321359584995043e-06,1.6180716807412415e-06,2.272592846239315e-06,1.0446745018007048e-06,1.7156500548978882e-06,3.0046387619413876e-06,2.443363799804947e-07,825186.2992596985
2.5047854678995634e-07,1.531419260169068e-06,1.125121710823243e-06,3.092080593344071e-06,2.8425009478320486e-06,4.79918945357545e-07,7.494333631847968e-06,1.6046769658093925e-06,3.350091426709503e-08,4.586426489164992e-06,1.9030396201925983e-06,3.0235662123756993e-06,1.92748803579332e-06,1.8674727571081497e-06,5.973045882401394e-06,2.8421346542970945e-07,825191.032803713
2.9649680393155597e-07,2.54020723911544e-06,3.45442880712429e-06,3.7352243072961515e-06,4.877915438785405e-06,1.2075518675829625e-06,2.228336548382418e-06,5.137813303495352e-07,1.5876495043092872e-08,4.571119627107237e-06,2.322764025071052e-06,3.6144771363799234e-06,5.092678463179282e-06,1.9720743709598625e-06,2.4401873238938644e-06,3.678494697157373e-07,825195.7686281278
3.92004665314017e-08,8.419462216583269e-07,4.2684007954813156e-06,4.953381309322279e-07,3.6107127786666712e-06,7.599227729916989e-07,3.8581656152209365e-07,2.588308094592218e-07,2.477599719102404e-08,3.18933995470631e-07,7.861700844519773e-07,1.3205265798636287e-06,1.777490905201797e-06,1.6776168256938693e-06,4.7249990967948413e-07,1.0463502951759582e-07,825200.5098872423
1.6349035537733789e-07,1.722789644199304e-06,6.030830086260215e-06,6.6888752499383074e-06,3.900044122979399e-06,3.6674679528064616e-06,6.059754288441002e-06,1.0980942808554797e-06,2.3966965355447176e-08,6.977092901561416e-06,3.679532430608711e-06,2.8850411188871897e-06,3.6407304709564674e-06,1.7694814408747336e-06,4.767582128727857e-06,3.446578668279358e-07,825205.2307286569
1.628942046390429e-07,1.995341899668288e-06,4.6271638559033206e-07,1.2741183679690938e-06,1.812349608954689e-06,4.641965260768456e-07,1.0759273729190278e-05,5.17893188224483e-07,1.41341406874969e-08,8.645841787074895e-06,3.1023285433309254e-06,4.473600274652272e-06,2.9237312747946776e-06,1.8738716804961095e-06,4.832802308428942e-06,2.314594440214548e-07,825209.9682096714
6.623648420319608e-08,1.7845952618072765e-06,1.8972871631535433e-06,4.906950940485733e-07,4.7945933487706795e-06,1.2790058529233493e-06,6.512359898063561e-07,2.6844640007480494e-07,2.3865242855152397e-08,3.159805922515058e-07,3.8865367761801416e-07,1.593101363228056e-06,1.4823400872000891e-06,1.6054903442036816e-06,3.919682144679891e-07,1.8668003360330302e-07,825214.7113547862
1.6063975355137574e-07,8.067855563487003e-07,2.8890914518559514e-06,2.959241099725021e-06,2.6740427966155752e-06,3.1731357082622697e-07,2.239545474565828e-06,4.2364321139186497e-07,2.1525387075622456e-08,3.728972025781419e-06,2.3395756851711432e-06,2.6549368725033143e-06,2.603104819294179e-06,8.295085016210173e-07,1.913202204996082e-06,2.408366001455815e-07,825219.4299592007
5.7944412797861816e-08,4.099403784095021e-06,1.1889813722658976e-06,1.142638730509741e-05,6.616933307805165e-06,2.582582037411926e-06,1.2081156514144193e-05,3.391986871737512e-07,2.066529979593391e-08,5.597321256593528e-06,3.3229784911412336e-06,4.192530053108606e-06,2.5198339065953845e-06,2.265497262995115e-06,3.943844715219743e-06,2.130174371659304e-07,825224.1495884153
7.951299773410437e-08,3.087625635211702e-06,8.254633236340982e-06,7.462289186496199e-07,4.579144802919132e-06,7.747756195863632e-07,2.1026629224911116e-07,1.875807354063297e-07,3.7000923279883694e-08,3.798734741922068e-07,7.641572381276334e-07,7.253682463763296e-07,1.3676045419647283e-06,1.6931321761021443e-06,3.91845648408338e-07,1.3911967268073708e-07,825228.8860245299
4.281048704852116e-08,3.5755971418188554e-06,3.0255697994698616e-06,1.4038505902981725e-06,1.0261761383177657e-06,1.236183201121442e-06,4.2102106801292595e-06,6.319213332217917e-07,1.3352665292703157e-08,6.735441209097768e-06,3.903866768756349e-06,1.448947511166505e-06,2.9804346324153635e-06,2.1368479769039777e-06,2.2463914412574065e-06,1.2708872224291103e-07,825233.6099076445
1.815217826954444e-07,2.771217424623457e-06,1.0296755004536911e-05,1.7278304326354164e-06,3.919920780754919e-07,3.2785383259812765e-07,4.430147673009173e-06,1.8549213472252515e-07,2.3811099434527117e-08,1.922243854248476e-06,1.9516078013426366e-06,3.156871441827038e-06,3.0634715276709184e-06,1.1495020214948756e-06,2.8938542432715766e-06,2.9996991391949906e-07,825238.3481823591
3.4957171535043013e-07,6.059128220948967e-06,6.978934411452947e-06,3.6639263643655296e-06,6.5062902346006165e-06,2.8741544919362854e-06,1.1888113258295945e-06,3.887286890657111e-07,2.333252870767059e-08,3.2972727666187324e-06,2.394624939283279e-06,2.3831994600400524e-06,8.518620917550982e-07,1.6379947721010848e-06,2.9587816184539008e-06,4.0754921756851103e-07,825243.1158943739
8.684311902182019e-08,4.531606322829459e-06,8.517862215188833e-07,4.797948058261432e-06,1.302857335643977e-06,6.818947667974763e-07,9.264155760839154e-07,3.796293668391267e-07,3.003998969957527e-08,2.782036578716255e-06,3.136646918670453e-06,2.2382731896952407e-06,8.617865312355922e-07,2.130229183322113e-06,2.1295776772856133e-06,1.327054919464557e-07,825247.8370269885
6.548892595547166e-08,2.419196587162743e-06,4.758154777126192e-06,9.649251675207552e-07,1.709559382335253e-06,6.826817485377187e-07,7.532489807348086e-07,2.389283774431518e-07,1.813438814901201e-08,9.045628554834665e-07,9.695727687094753e-07,1.2735124503922635e-06,1.376065087136983e-06,1.7036856813993412e-06,7.884003626739229e-07,1.7923693089345315e-07,825252.5885289031
1.2413425846005584e-07,9.079507543171854e-07,1.3875625143853888e-06,3.1557884341492698e-06,1.0071533200901187e-06,2.0977217301341045e-06,6.670707352945427e-06,6.258745289952461e-07,2.7826721475078865e-08,1.0901337943582995e-05,6.022448364687203e-06,2.929022699063381e-06,3.5671384409006703e-06,2.8476718837549165e-06,7.32442238589082e-06,3.6485466914465505e-07,825257.3199722177
8.217585564881745e-08,4.3527737928829775e-06,3.371520262540252e-06,5.318688205723816e-07,6.865344498891852e-06,2.620326617745821e-07,6.688755231448749e-07,1.0478650065896574e-06,1.554655077972052e-08,6.055246624079629e-07,6.335775363943614e-07,1.3105656115377197e-06,1.2718504933574152e-06,1.0315564679312612e-06,1.2568694218401683e-06,1.4860206777529013e-07,825262.0598275324
4.4720493979681875e-08,3.2233642843774425e-06,1.3702899451404953e-06,5.2838388107108894e-06,1.870964002361625e-06,1.723144262275825e-06,2.0392712794295048e-06,2.9627440095942455e-07,2.2097606287589967e-08,7.781369707115238e-07,1.1380229430266295e-06,3.5857892842155798e-06,3.4148028682600782e-06,1.3760525117037885e-06,1.988787446470685e-06,1.7695253300961984e-07,825266.786391747
9.519119442430044e-08,4.388224934618572e-06,8.062599300874758e-07,7.954650369403263e-07,6.889663077289356e-07,1.6109676448181803e-06,8.945317031507441e-07,6.67742320255118e-07,4.851218766690537e-08,4.094316374380568e-07,8.02604043938634e-07,1.5641054317376237e-06,1.4695753939690481e-06,1.3437307168074115e-06,7.221349001148301e-07,1.1162212504559824e-07,825271.5484455616
5.9321189840615796e-08,1.7739650556721222e-06,8.780380981190964e-07,1.168080617395118e-05,2.7633340151168487e-06,3.4130298419658076e-06,4.974447640962527e-06,5.89976457821088e-07,1.9434267244902278e-08,4.056164553279124e-06,4.013628926905126e-06,3.054492443798158e-06,3.828605146408159e-06,1.7771950911490742e-06,4.922047506192888e-06,3.255306683106223e-07,825276.2792501763
7.208224057271239e-08,5.497001968869629e-06,1.116388308306265e-06,7.740906818497963e-06,2.038515950456404e-06,2.4374191484756295e-06,5.0833885912057e-06,7.990571699981727e-07,2.2949581268960164e-08,7.1013082041419456e-06,3.5684028256663722e-06,4.6770950858500225e-06,1.752388747921914e-06,2.265222347974192e-06,3.942478213827404e-06,2.8639634835378577e-07,825281.026850891
2.3276373976713094e-07,2.441501799996717e-06,1.9177288815294806e-06,5.0201407081023956e-06,4.034281549602975e-06,1.2829335729764063e-06,4.28809069371898e-06,3.46827988868042e-07,1.703417311356129e-08,4.563870033373537e-06,1.8619362299367686e-06,2.653103501939882e-06,2.681694238964223e-06,2.01610363783306e-06,3.5940199784757145e-06,1.306194242469146e-07,825285.7730557055
1.2698150748214333e-07,2.4793838024994503e-06,1.096749268153768e-06,4.0188495233220095e-06,9.63677039882055e-07,2.8964141537653433e-06,8.84928482900533e-06,1.405836882601723e-07,5.049703463136098e-08,5.467005132047658e-06,4.125243337595394e-06,2.322648022963158e-06,3.1285182388492777e-06,2.3853566590485863e-06,3.998195263202322e-06,3.196364969479796e-07,825290.5381987202
1.4575643562407655e-07,3.054218027125186e-06,2.099801449357326e-06,7.292916334920696e-06,2.541498663138169e-06,2.2333576789224935e-06,6.759485239060393e-06,2.1589688119782064e-07,2.3573666026414665e-08,7.806309380459329e-06,4.78525355344756e-06,1.7413921313936991e-06,1.9140482670623896e-06,2.2683817323887474e-06,3.618577788161175e-06,3.4943304002297205e-07,825295.2546106348
1.7838518456405194e-07,1.7420943452797908e-06,1.6559213257744743e-06,1.2720688955740755e-05,3.076752804860319e-06,1.7657646548054292e-06,1.3669681513291838e-05,4.5042906949736986e-07,1.923002562353505e-08,1.195904844038838e-05,6.70244659015626e-06,2.0037541030954223e-06,2.9855900936376458e-06,3.838121955620565e-06,3.94049189743144e-06,2.9752105970078716e-07,825299.9793757494
1.1061720622987404e-07,1.6548119863485635e-06,8.111834171198788e-07,1.4451551687674105e-05,5.811455958423767e-06,4.229131526289227e-06,3.218832380760947e-05,8.531171676662448e-07,1.4870663654149809e-08,1.2023272270728456e-05,8.44350602825308e-06,2.8133485794657258e-06,2.9991413857691655e-06,4.0993627533117e-06,1.0355495768797322e-05,3.3357344045773435e-07,825304.731992364
6.356662841619306e-08,6.981321378730209e-07,4.359835301470091e-06,7.086002628540394e-07,2.0825703027199867e-06,1.1837289884622205e-06,3.362060147199005e-06,6.230485732363246e-07,1.6012960962468708e-08,8.256284010119229e-06,3.909226809566714e-06,2.2119768916445877e-06,1.4279421905561509e-06,1.895057269024737e-06,3.4398704667810356e-06,3.0937059319360294e-07,825309.4724713787
1.8357178543445724e-07,4.5479988506897976e-06,4.205751855766008e-06,6.285252685402477e-06,6.5569243461012576e-06,7.225309534332627e-06,4.455419503237586e-05,0.0003419744636996169,2.3380903961043246e-08,1.369573158031018e-05,7.668841247823801e-06,4.0333226036492736e-06,5.397506614005529e-06,1.9638418507564454e-06,1.34494900028037e-05,0.00044984378285352496,825314.2250288933
7.371044732558717e-07,1.8065156448790728e-06,5.424264734879388e-06,4.294004030832674e-06,8.332491878453786e-06,4.322404280278856e-06,4.163886860022222e-06,1.7760838715167162e-06,4.5593622996946115e-08,2.133713845649844e-06,2.057096118170798e-06,5.605216603887639e-06,1.9729422205797124e-06,2.2358710080563183e-06,1.9273177542673308e-06,3.5440458829071014e-07,825318.962305008
7.725320059877748e-08,1.2686811317999621e-06,1.914576981646062e-06,2.0066801084888397e-06,4.560572736047867e-06,2.275798264748329e-06,9.674260231177252e-07,9.64020625248582e-07,1.7502643612175172e-08,4.036163987412855e-06,1.1514018197906748e-06,2.7381433215324085e-06,1.864573899707548e-06,3.385209392884674e-06,1.717718374766237e-06,1.0785377915309165e-07,825323.7150625227
1.5200086081196883e-07,2.8722229801626555e-07,5.752893616412773e-06,2.13254427625904e-06,9.966906687662925e-06,2.373323391509607e-06,8.622061121431567e-07,9.328343152533679e-07,2.2150966630148858e-08,5.179809728734744e-07,3.833132535523109e-07,1.247065316125891e-06,1.3334049961805406e-06,1.7617468931670376e-06,4.714784181503793e-07,1.4705827441849588e-07,825328.4539743372
1.1198653545418078e-07,2.427152270775115e-06,3.7132870237721943e-07,3.010978724426776e-06,3.2524612306637388e-06,5.39148274069361e-06,6.818913219206378e-06,5.618771809581603e-07,1.357470654349288e-08,3.3690874425848953e-06,2.9352494488974667e-06,1.3295303562354562e-06,4.614353278888729e-06,1.7303960468870631e-06,1.7458117380523325e-06,3.524260890847065e-07,825333.1647333518
2.342877938524563e-07,3.2435926248096653e-06,1.9325638267828827e-06,5.263187994864831e-06,1.3082698385344377e-06,2.62365708368322e-06,3.161817421066558e-06,8.799552463202068e-07,1.8558725234885336e-08,2.8667177071795803e-06,2.677511200027077e-06,1.3726265038442897e-06,1.9889058058139164e-06,1.3687093368306995e-06,1.8512911152122421e-06,1.5881784185776093e-07,825337.9082405665
1.4619162514274758e-07,9.834313461128106e-07,8.76803363824892e-07,3.4625659080956945e-06,1.2576163689097605e-06,1.991374736180157e-06,1.7053489049788477e-06,9.441668420741745e-07,1.079174552886641e-08,4.5114566587401146e-06,7.445247887149909e-06,2.049300169223123e-06,4.208750081944117e-06,2.0536539724875765e-06,3.318569847062709e-06,2.8878943481085584e-07,825342.6522723811
1.1153663319712085e-07,1.8978366407520365e-06,3.812458775538354e-07,8.159064100880936e-06,3.40700953658466e-06,3.570932861530138e-06,4.1968897284363495e-06,1.6308226450199964e-07,2.010215667755426e-08,1.192627000809392e-05,1.4803648988832767e-05,4.520664826028657e-06,6.838490821812507e-06,1.9804367744725414e-06,3.622134245897536e-06,4.5776589493859396e-07,825347.3797893957
8.879444996894612e-08,9.080880724173778e-06,5.411145727362115e-07,1.61451011337335e-05,4.163304946744999e-06,1.0131370104415012e-05,1.1337818426666021e-05,6.257184624187541e-07,1.790394934787306e-08,8.687270778316707e-06,4.919786054847797e-06,4.7349220494784694e-06,7.313412438352503e-06,9.817966452410064e-07,9.63348415664546e-06,2.864097021986539e-07,825352.1174615104
1.1363136029569505e-07,5.0018236278656435e-06,3.6631620080757474e-06,2.9387417144462007e-06,2.6183598035311817e-06,1.0662698657142797e-05,8.693278188143436e-06,1.2253162955874083e-06,1.798856105188087e-08,9.162090102753215e-06,8.483077813025907e-06,2.2198131468936235e-06,4.453158244874491e-06,2.080481879331832e-06,8.070619931332111e-06,4.551232653920381e-07,825356.872334925
6.757124631563196e-08,1.4422920499043424e-06,2.2472727756384618e-06,5.792914583438142e-06,2.7521891156866e-06,4.780458581523341e-06,1.0159051801512982e-05,1.1473431996090397e-06,1.693144872273595e-08,8.864370356176696e-06,1.4692053672719754e-05,4.845051477050411e-06,4.87307949923594e-06,5.035775454205141e-06,1.0573230662336249e-05,5.575021562878447e-07,825361.6321253397
9.226767505886047e-08,2.3541076796176167e-06,1.6009405551085731e-06,1.3191805880979379e-06,1.4485824138983583e-06,2.662589012631231e-06,8.551677386907485e-07,4.0194389256256984e-07,2.244182135350277e-08,2.18465559727656e-06,1.9903324546680807e-06,2.926748623596731e-06,3.3025811662963345e-06,1.0128236352389716e-06,2.0565986888991672e-06,3.456457135917689e-07,825366.3710183543
1.1468111086977715e-07,8.304713319070321e-07,1.3082566565533693e-06,1.2437232720319763e-06,2.2845156351248323e-06,2.9743437188919808e-06,4.021007922293238e-06,6.578006096232231e-07,2.4019502544160944e-08,3.4029168747808908e-06,4.971753133926698e-06,1.8259379287254533e-06,3.6899447475120266e-06,1.9430471439509663e-06,4.3524832765141746e-06,8.15285637286193e-07,825371.0883254689
8.936512696033066e-08,1.4401797089926782e-06,5.958440699223424e-07,5.483969204372823e-07,1.4727434700831151e-06,1.6875545791183278e-06,1.3215313893690785e-06,3.224060406974774e-07,1.8665621165509197e-08,1.3379264934356896e-06,1.2488414103351155e-06,3.71447484761536e-06,1.4682595191502511e-06,2.6194997463330913e-06,5.412311807121453e-07,5.892108628709985e-08,825375.8282650835
5.92973907561973e-07,2.5715274321246683e-06,2.515479570368317e-06,5.920050125233757e-07,3.761461408268916e-06,6.58972479257511e-07,6.978642044852909e-07,3.930354722755424e-07,1.7249267753313768e-08,6.608975676963017e-07,5.979203147713643e-07,2.8104884028713416e-06,1.2266783612418641e-06,7.995557534127888e-07,7.336305304279573e-07,4.69078714172028e-07,825380.544156398
3.0815342656407916e-07,2.274286420126169e-06,1.9063156366506533e-06,4.30289605316868e-06,1.3539274647228075e-06,1.6173914980869151e-06,7.005610133524337e-07,3.7321811468707955e-07,1.6718375577892806e-08,4.569945923348223e-07,1.8184017140720413e-06,9.522736679115083e-07,2.5851114786151877e-06,1.8164121456941875e-06,7.796338661614582e-07,4.328917445658106e-07,825385.2973521127
2.592673519347193e-08,5.349929085439477e-07,5.276719350097145e-06,1.65448691902045e-06,2.8902304365266133e-06,2.2511946504050025e-06,5.208714656423339e-07,6.092015125545793e-07,3.5837205510981805e-08,4.938045372688589e-07,1.858757090042299e-06,1.799863293291572e-06,2.899826109410313e-06,1.7102353688981253e-06,1.2225725948992731e-06,4.7149598313382156e-07,825390.0209327274
7.091503117657069e-08,3.6266942144360957e-06,6.4749268446652216e-06,9.6396991811886e-07,1.8546811522839477e-06,2.0025924709995523e-06,2.0772402998673913e-06,8.247968000572285e-07,2.061230964589785e-08,1.020985348802937e-06,9.690742840843976e-07,2.4500564501494025e-06,1.149881893589031e-06,2.005262815550697e-06,1.0087688808956522e-06,1.9043515092693059e-07,825394.796616742
1.4799969567063824e-07,2.544059453584402e-06,1.7888191254715786e-06,3.9491301621146793e-07,1.3372185963232432e-06,1.1336542758696446e-06,3.2630578091379837e-07,1.3642927900552e-07,1.0791254598470863e-08,5.52996777600209e-07,4.1819569230345973e-07,1.5626668054830308e-06,1.283807108341672e-06,1.4191258460021816e-06,4.935773231109789e-07,2.4854168950824826e-07,825399.5346859567
7.331028661646264e-08,2.3728595660045044e-06,7.806840720309961e-07,2.568136223842112e-06,2.9084706052019265e-07,4.101593939372504e-06,2.057379523909078e-06,4.045528966501489e-07,2.5562663994167236e-08,3.019434079746646e-06,2.9834509084312636e-06,3.0190758375250735e-06,4.171547907092877e-06,1.071749006877272e-06,1.7767600910407775e-06,2.6145877913986645e-07,825404.2692082713
1.905448236215708e-07,8.677009513354595e-07,1.1946778014706287e-06,7.178674640858519e-07,2.411621008374402e-06,1.4058780528787433e-06,3.0572174854658655e-06,2.21928582311002e-07,3.1200532429411623e-08,9.10921446486451e-07,2.3598874847744896e-06,3.5598333842927792e-06,3.965661838686039e-06,8.482800415060177e-06,5.25776163371862e-06,9.57419518624374e-07,825409.0076628859
6.920524803950378e-08,2.9321377743392522e-06,2.117182325500214e-06,4.962195654890398e-07,3.7731541444414526e-06,2.908242472085592e-07,5.941945570498439e-08,4.4829636458024865e-07,1.567779322633737e-08,3.7732997979874263e-07,3.914555955124572e-07,1.299740166285877e-06,8.852605797240582e-07,2.2270330265982994e-06,2.0262991483489773e-07,2.468691593850845e-07,825413.7458847006
3.785264023080509e-08,2.1126214966233264e-06,1.4290280258085066e-06,2.1711160787135015e-07,1.4821680096534108e-06,1.4004235913627032e-06,6.937607609308261e-07,2.589494600691878e-07,6.567552479414778e-09,4.912393542619433e-07,5.963751648665809e-07,1.4527284034117454e-06,1.0920990881706945e-06,7.132530734267749e-07,4.897929785344723e-07,2.346350875256803e-07,825418.4724807151
4.005928890139797e-08,3.3019449824396635e-06,1.992344116721279e-06,5.557345544610665e-07,3.5741266013266223e-06,1.3434786624863752e-06,8.813858135139246e-07,1.251070115200681e-06,1.5554848030191908e-08,8.792037044690771e-07,8.828466896243142e-07,1.651162161837573e-06,1.5364448145698744e-06,2.9840159468569692e-06,7.529526307137932e-07,2.0208505024507903e-07,825423.1840654297
2.822114407984405e-08,1.4905441691889413e-06,4.634648206524827e-06,8.135067839946912e-07,4.117028174814642e-06,9.942511680460238e-07,6.102980651085106e-07,5.908776823954504e-07,7.137211591083127e-09,1.0395949390161298e-06,4.51206402556185e-07,1.4651871587564281e-06,1.12866226236539e-06,1.7944821481004022e-06,5.498370938007466e-07,2.6077622757196335e-07,825427.9214218444
1.885743727784851e-08,3.325457982742575e-07,8.583322984700052e-07,1.1822118130384782e-07,5.588554397151837e-07,1.2542923445743571e-06,6.839948249686867e-07,5.083537757125962e-07,1.793736560541818e-08,1.3020024856968462e-06,5.817199186067636e-07,3.431535828226145e-06,1.3849814862173032e-06,8.832492059178146e-07,5.015551964114746e-07,2.1233387579480185e-07,825432.662585659
1.1413376098990497e-07,1.441599079601326e-06,1.5397952920017844e-06,1.2146034925322458e-06,6.705945345781473e-06,1.964299545251314e-06,9.935546381406546e-07,4.386877043797006e-07,2.0742436236788882e-08,5.059225198519046e-07,3.0478013216906556e-07,2.6711847460869254e-06,9.290197271718683e-07,1.132303102871533e-06,7.096633729329823e-07,2.3717056793955424e-07,825437.4076459736
9.641106832249082e-08,1.5636154145815707e-06,1.1190166854306384e-06,1.1527707332525288e-07,3.209050993512685e-06,2.629854423157658e-07,1.804517640941957e-07,5.568860633322961e-07,1.3790861005145013e-08,9.021258081219297e-07,7.179831057868406e-07,2.2508297950729595e-06,1.1591892223105288e-06,1.8536761200758324e-06,4.874579175435204e-07,1.4667557340373944e-07,825442.1618606882
8.173623459567718e-08,4.34740711523058e-07,2.7616115556265643e-06,8.639743797422206e-07,1.3316655979714167e-06,1.1248068059078434e-06,2.0047507178889117e-07,9.913379930598782e-07,2.0457397431951403e-08,6.17858623180672e-07,1.0512834235495803e-06,1.664652521634063e-06,2.1365528544128247e-06,1.3501769893912008e-06,5.753379220680541e-07,1.8965377531681755e-07,825446.9200357029
3.371085148911434e-08,1.00740072551059e-06,1.6828982416166496e-06,2.3613871415279362e-07,2.1384542356995455e-06,5.266739651962201e-07,3.540919044765837e-07,1.3266617551445497e-07,1.8662711455911444e-08,4.143252476322925e-07,4.6860669447030645e-07,1.6659833215932176e-06,1.1264415663215211e-06,2.2427569932792033e-06,4.954553530960659e-07,1.3692799171842522e-07,825451.6392701175
1.3217481659542268e-07,1.6654585294386716e-06,3.1794778703881005e-06,5.078705846519978e-07,1.8057295826542665e-06,2.0296273448145608e-06,1.295480313047628e-06,5.896706163924498e-07,3.0699204049718704e-08,3.052202461118868e-07,7.098920837261742e-07,1.956015538014046e-06,2.65529520825228e-06,1.8557044549509717e-06,8.790083735096391e-07,7.12725503148185e-08,825456.4044494323
6.335606402222709e-08,1.0797761931337822e-06,9.391679645840911e-07,5.522987815291769e-07,1.1028804471790356e-06,6.559807783223512e-07,1.466001201511333e-07,2.746759995943737e-07,1.661398475963864e-08,6.053468504070153e-07,4.5289160767895263e-07,1.8070358530604747e-06,1.2618594931753679e-06,1.796962074276805e-06,4.885538635744593e-07,1.1328641160339835e-07,825461.148887347
1.3071214092588162e-07,1.9683600318133914e-06,1.0115585587652197e-06,7.806121375763077e-06,2.098880691893031e-06,3.6336982795653647e-06,1.155799725505631e-06,9.468157372967601e-07,2.2330557420018473e-08,2.970278607908185e-06,3.34063235984458e-06,4.630232584243008e-06,1.8273536521605651e-06,6.364381806984764e-06,4.759826438787277e-06,1.0877372389644114e-07,825475.9962597927
4.243099085952356e-08,1.6816260805850061e-06,3.572120074112913e-06,2.3232165461646494e-06,1.4921836090751113e-06,2.6429574121256857e-06,1.02023065061595e-06,2.691477056436882e-07,8.89105715374644e-09,1.6758585455574375e-06,2.7849371720950697e-06,2.9899146322873387e-06,1.0959223017848724e-06,4.010014276669796e-06,2.0584823322356443e-06,2.269059703787583e-07,825490.8541993386
1.2313380773838664e-07,2.5885557158846934e-06,6.914454263407543e-07,8.06166479843158e-07,1.1365104209435282e-06,2.6392604400862203e-06,9.302871534342133e-07,1.1197360449763994e-06,3.5083113427194764e-08,9.141822705333877e-07,1.2180419098725864e-06,1.6311644187746684e-06,2.8562205345259507e-06,3.0981129241922306e-06,1.5642789348552038e-07,3.50165305639698e-07,825495.5593716531
2.0420381191042023e-07,6.256716566591133e-07,1.4494069382862182e-06,7.174466314479109e-06,4.633720064627261e-06,3.472203584548901e-06,3.4638456364005053e-06,3.7998003047241033e-07,1.7957898356705382e-08,1.4628473445563677e-06,4.613641281562554e-06,3.0835358555249617e-06,1.8120621881540878e-06,6.343176867965815e-06,2.532689573318276e-06,1.8050843757916514e-07,825500.2896215676
6.776868742583633e-08,8.37513252323275e-07,2.3369957758591915e-06,5.774925075609951e-06,1.3666645854426295e-06,4.120702617381711e-06,2.2161149171173497e-06,6.631831276875685e-08,3.125741118894404e-08,3.6758747027143937e-06,4.628226765891665e-06,4.0179403364823614e-06,2.137889145485079e-06,8.84365057487777e-06,6.48490214606848e-06,1.5910335260357837e-07,825505.0418144823
3.607690193352634e-07,7.903986059100364e-07,1.984320570420991e-06,1.1794340876989104e-06,6.755668740629418e-07,2.5671241078824396e-06,3.5926251417909105e-07,5.454689160195807e-07,3.796420725497637e-08,1.8346573714620997e-06,2.517713952825896e-06,2.1684167402989616e-06,1.9048679397277453e-06,3.273556419990915e-06,1.543085403469996e-06,2.832568838670768e-07,825509.774295297
1.1616915753639326e-07,3.666876104240144e-06,1.668592683706462e-06,1.341441731330818e-06,6.166426901566418e-07,5.239842701869942e-07,5.458285149865626e-07,4.868963401028244e-07,9.25487709544598e-09,1.1066967298338874e-06,1.565484195734405e-06,2.7971783742398787e-06,1.9311869777448316e-06,2.0330485810556253e-06,3.6475866826685125e-07,1.9431171429489486e-07,825514.5118630116
5.1033758085105074e-08,2.7130253844482484e-06,1.1647084351070053e-06,3.5593033351373456e-07,1.0689986588086137e-06,1.0658258306278487e-06,3.0995811155960834e-07,1.5640569741646754e-07,1.3637191481292541e-08,2.856549234561784e-07,1.4720539665994452e-06,2.3454920713677215e-06,1.5250238578760634e-06,8.634830666965577e-07,3.480015925574618e-07,1.0463766463034168e-07,825519.2380240262
1.2094491562011071e-07,1.976450595017444e-06,2.6733260010252578e-06,5.002476630941798e-06,3.458687208964212e-06,2.045892674514014e-06,1.4704967383682833e-06,6.453111066055456e-07,2.6048855091698107e-08,1.0645449206402564e-06,1.4669023844632335e-06,2.5592246297236832e-06,1.993444783096617e-06,2.746715281811917e-06,1.3128298182826455e-06,1.3134425684913856e-07,825523.9517478407
2.3521179804227472e-08,2.7413617460632264e-06,2.9506527996299473e-06,1.585764833970599e-06,3.6840583260345774e-06,1.1540096304319642e-06,6.361730773713563e-07,3.272926339371257e-07,2.1200766980204358e-08,1.2393444926438956e-06,7.222822716286378e-07,3.137731805383521e-06,1.2953449542855928e-06,1.3044150303510677e-06,7.193355336585667e-07,1.5235982987127202e-07,825528.6884510553
3.65101043111313e-08,1.9974384869114843e-06,1.9921481538057588e-06,5.193862469856823e-06,1.5599085274441335e-06,4.990209821734599e-06,2.2600259199948394e-06,7.041033281738812e-07,1.7772032357437844e-08,4.4396769483933814e-06,5.321996865997456e-06,3.1135099483027203e-06,5.123328014595114e-06,8.512454749054796e-06,4.788560825089714e-06,2.5007196559337273e-07,825533.41784247
8.857839736635637e-09,1.6728221996225561e-06,1.6653006911119147e-06,3.5729699508322314e-06,1.5303163469851846e-06,3.5433216084642317e-06,3.7051720599307605e-06,1.4748666624725538e-07,3.6222279873666096e-08,1.842517079449808e-06,3.919957333958169e-06,3.7499542748165157e-06,2.2570901969330373e-06,5.4308428002616535e-06,1.5692865039871216e-06,2.62123503214175e-07,825538.1380233845
1.2992351252945575e-07,2.5534503975888918e-06,5.942522850207426e-07,9.937090872395093e-07,3.575803072388708e-06,6.263407066960769e-07,2.3424838450959372e-07,2.811022950715013e-07,2.6722679374546376e-08,4.843991567374692e-07,8.922702402063279e-07,6.121271695002846e-07,6.168912348384692e-07,3.1776384780153e-06,5.972536132462699e-07,2.1335890326417882e-07,825542.860167699
8.350730543334241e-07,3.5683690948150747e-06,3.398153604762016e-06,8.790324812688164e-07,9.523540510155483e-07,1.0660194784674827e-06,7.429509885315977e-07,3.821131960206939e-07,6.450253034548862e-09,4.0983329036062166e-07,7.370511916762855e-07,1.5717704107137213e-06,9.993557295410098e-07,2.9512927263639e-06,4.905227365324013e-07,3.4766082772700887e-07,825547.6068146137
8.706884867412367e-08,8.191324869299997e-07,6.406697358394792e-07,9.983733710392239e-07,1.873159193676314e-06,1.9526233778938936e-07,3.354864682599192e-07,3.886650419973592e-07,2.4437785219688197e-08,2.8664481134181084e-07,8.03887959805998e-07,1.1043030204875667e-06,2.5748258482689872e-06,9.987776962499449e-07,8.114893518440552e-07,3.0644005254346646e-07,825552.3278465283
1.143361093126352e-07,2.90757811854601e-06,2.451162693073606e-06,8.031453561063037e-07,3.315356385400463e-06,1.1274061863788524e-06,1.2713919991939512e-06,8.490658010422672e-07,1.5497848007657074e-08,4.1171753355840635e-07,9.241811695570366e-07,1.1521726974678389e-06,1.7461529251714777e-06,1.3750418024795915e-06,2.4395192725198236e-07,1.6596890931649464e-07,825557.0393879429
1.9338927823818883e-08,3.3507815943208185e-06,3.288360023942606e-06,1.6206456458621392e-07,3.0821866817130397e-07,8.264093719547136e-07,6.547154371245505e-07,6.632868200973081e-07,2.6639908447208504e-08,5.287061819512631e-07,5.136384783219576e-07,1.6534082315336966e-06,1.3353129500524757e-06,7.319595404566683e-07,4.1169600462550834e-07,2.287221048139535e-07,825561.7982077575
1.997150901003275e-07,7.100492702484947e-07,1.9883057230025193e-06,2.677951987588102e-07,2.1551778363197437e-06,2.237106986698294e-06,1.4450404815705401e-06,8.545649906689919e-07,1.9278633267790938e-08,1.100184690145922e-06,9.125571799836937e-07,2.2740253146023403e-06,1.2385839274960527e-06,1.5104786427290093e-06,7.240257223809246e-07,1.7835730623276326e-07,825566.5714585723
1.0875130581009027e-07,1.0590450676185156e-06,1.83411004962758e-06,5.129868151916332e-06,1.2145332524721725e-06,4.308042583046456e-06,2.2533313532027176e-06,1.2903115995800946e-07,4.302987948949153e-08,3.497815107148871e-06,2.6941319784056372e-06,3.195726949351776e-06,1.7679965648524655e-06,4.55468988381316e-06,2.927201015138427e-06,2.9164039119272495e-07,825571.323375187
5.925593956031652e-08,2.262243823778836e-06,1.1014128754384081e-06,6.102917089621727e-06,1.5297841629256356e-06,1.534783126089077e-05,3.881933351968238e-06,6.331686542274076e-07,2.2665131871789143e-08,2.5881511434879964e-06,5.016418204948378e-06,4.105545020185747e-06,3.3326660471595154e-06,4.740059809504429e-06,3.1221392099270026e-06,2.885512602794851e-07,825576.0819477016
5.183489424971418e-08,2.376515493225393e-06,9.92634491448242e-07,4.090265784863975e-07,1.3098586901474555e-06,7.871224704322925e-07,4.387654054030384e-07,6.201778306357284e-07,1.3771667760561604e-08,5.786586086533382e-07,9.288460372799958e-07,4.192512193964496e-06,1.3271768956522462e-06,9.452348640335652e-07,5.296991653817554e-07,1.1367845592018236e-07,825580.8254843163
2.215046676799447e-07,1.7222506123835602e-06,3.5505147278805444e-06,1.5983278328330558e-06,5.536517160279966e-07,2.6763178792046934e-06,1.3503297008960782e-06,4.3841462707326085e-07,3.122709323554939e-08,2.1789703399640496e-06,1.7677333885236866e-06,2.3922047430931928e-06,2.878658182719303e-06,2.303617833504899e-06,1.5434275116484536e-06,1.8803439827866602e-07,825585.5460416309
1.2670270474371195e-07,6.159565721511397e-07,1.5834524912213779e-06,2.612447674478358e-06,3.0514592717611354e-06,3.1177720660172195e-06,1.0297161124898443e-06,6.040205228993781e-07,2.050897241891106e-08,2.590074210806339e-06,8.244327316212214e-06,3.6240153894336044e-06,3.591247900454474e-06,6.08592489672235e-06,2.99459432773882e-06,2.0092054856073433e-07,825590.2795078455
6.641980648762904e-08,1.4015196771496728e-06,1.5726761752089625e-06,1.4871629697554942e-05,2.276828642778444e-06,3.5997413036366563e-06,3.2912617565396658e-06,5.409198237444393e-07,2.2131307406667132e-08,4.486396476759452e-06,1.3183394220134322e-05,3.3180398517665687e-06,4.211624576312047e-06,7.323345642498209e-06,1.6744524226299755e-06,3.2224144232009046e-07,825595.0065331601
1.2742257301982134e-07,3.1192567291490668e-06,1.1041840940004132e-06,7.996806425210503e-06,1.6654361912950085e-06,7.415919169778259e-06,1.667001318544789e-06,1.0857579300543066e-06,5.0214039384367046e-08,2.578225727776648e-06,9.486310878866222e-06,2.584749327946283e-06,3.945693843496969e-06,3.628556699368562e-06,1.7848478760844556e-06,3.127364237920319e-07,825599.7301068746
3.7041354093414884e-08,9.990103727718713e-07,1.0989451821845858e-06,2.1233130313591437e-06,6.819119325989229e-07,5.738122480362241e-07,9.120057775571088e-07,2.0101582264934485e-07,4.7868835388848143e-08,1.1303908383984784e-06,2.7469870461910245e-06,3.7255886821961705e-06,3.927619045250316e-06,1.3432068691808427e-06,1.2196999413896807e-06,3.220170365264363e-07,825604.4516379891
1.1230692860857092e-07,2.870466967065868e-06,1.7777158526580413e-06,4.306088437764787e-06,8.069872667657263e-07,2.252280215789347e-06,5.309837308646626e-06,5.832521858075172e-07,1.5393240074079068e-08,9.361911249491184e-07,2.67564430990489e-06,2.579577653409421e-06,2.767688828549451e-06,1.293582803813186e-05,3.195963205636026e-06,1.7436767685192303e-07,825609.1855806039
3.383399526552711e-08,3.868818177810127e-07,2.988641124677112e-06,7.050051840597468e-07,6.815311228065373e-07,3.7207616859439596e-06,5.266040904247235e-07,1.3256970939412071e-06,2.47608010470129e-08,1.096160800883538e-06,2.569745295445379e-06,9.927278527947338e-07,2.1106442267668324e-06,1.4429094816363362e-06,1.0275486256167226e-06,1.984860157508698e-07,825613.9061594184
1.1943068497646318e-07,1.0073488332648533e-06,2.2527672377776926e-06,5.233540777066442e-06,8.612610419937427e-07,6.92661047859877e-06,1.8852966223113098e-06,3.289118275179769e-07,1.9278567294593163e-08,2.8386385905473186e-06,8.031831459163148e-06,3.814153656570335e-06,1.6872367753233987e-06,4.550885213381309e-06,9.155996847118912e-07,1.7153405204303614e-07,825618.620323633
1.0963056593984345e-07,9.222576267113473e-06,2.1664694963675816e-06,1.0869333531040016e-05,4.568848487134911e-06,1.5415818812311662e-05,2.358101026624605e-06,9.935662527607627e-07,3.40120758175248e-08,5.085779968024165e-06,7.005234794120451e-06,1.9886883466807112e-06,3.7678868205994757e-06,6.438070082547318e-06,1.988180549481112e-06,1.71619148204665e-07,825623.3584238476
1.1605530834440542e-07,9.64006168490197e-07,6.999116288797521e-06,1.761335641358291e-06,2.224453331342595e-06,1.0209574037054093e-06,4.7628656996333574e-07,1.238844739102593e-06,2.373478017146075e-08,1.5341863302115548e-06,7.03085257359248e-07,6.096227699756757e-06,1.25082185381457e-06,1.138724222253823e-06,8.394115402708421e-07,1.0855931871376543e-07,825628.0625930621
2.112372625799586e-07,1.066270444077685e-06,2.6192874123770793e-06,4.849286882709411e-06,2.6282777542980543e-06,7.8731091315991e-06,8.526295679132477e-07,8.599843240041784e-07,4.409517433471531e-08,5.098586396524141e-06,5.379965186924853e-06,3.4426972759860023e-06,2.7415135655645507e-06,5.651132737356428e-06,1.7971382645760476e-06,2.863872202726102e-07,825632.7956811767
1.668047989503912e-07,2.836120961018334e-06,1.6441970906322302e-06,3.2313816999671346e-07,2.1176158682326256e-06,8.831111341547013e-07,2.8675117312479253e-07,8.439299219324799e-07,2.870726923579898e-08,7.5614662126002e-07,1.4778061158933507e-06,3.1264600005515546e-06,2.4189073609677735e-06,1.7113579374966667e-06,1.0052607120362455e-06,2.975510580034593e-07,825637.5291162913
4.119936854767755e-08,1.7976792950116456e-06,2.6538905721991224e-06,4.391382580491591e-06,4.842632129747445e-07,7.410744622909658e-06,3.6095212871120306e-07,1.2302813450177972e-07,3.106645079331829e-08,4.5004607192928725e-06,7.010153519317894e-06,4.780714379167265e-06,3.3087267796337213e-06,7.478295283803031e-06,1.6863911920961021e-06,1.5495720564003483e-07,825642.257615206
6.557227587767761e-08,2.554234564955699e-06,6.384065053429557e-07,5.206358797795044e-06,2.2641243924226826e-06,3.612096189224928e-06,3.7097357881182823e-06,1.299030526631294e-06,3.3888090676952524e-08,4.2681825408037214e-06,4.039618326573542e-06,2.818599834500869e-06,3.3330822740475742e-06,5.5025452171238145e-06,1.138464232257605e-06,2.63883249467573e-07,825647.0067335207
1.3861128701348805e-07,3.975438879363521e-06,3.1833069224226694e-06,8.468261774647958e-06,4.443353169060958e-06,4.271497191001424e-06,7.359453844671212e-07,7.390594528031196e-08,2.2187826212359628e-08,8.082303342879476e-06,1.548955684245078e-05,2.966964911443209e-06,4.9688887104746365e-06,7.009403087317845e-06,2.2838244842409694e-06,2.7284801984981743e-07,825651.7510994353
9.870194048952592e-08,9.83994008697492e-07,2.694728225205565e-06,1.6846023818645176e-06,4.2613095826741506e-06,7.0412463975311465e-06,5.86677870356059e-07,2.7473767520132964e-07,1.526548387521347e-08,1.2906265300446089e-06,2.9406404693087397e-06,3.198480169552796e-06,2.9058916150950068e-06,6.802504549329605e-06,9.63152537760721e-07,4.436834050391983e-07,825656.4824441498
1.6878009984428742e-07,1.4454488423959135e-06,7.393704888234661e-07,9.800082686761634e-07,7.413378838877971e-07,1.3276220864892177e-06,2.651355513984858e-07,1.339082638573603e-07,2.6935624071613178e-08,6.343253595162308e-07,6.725301989430127e-07,2.6607547575159897e-06,1.5647260827492874e-06,1.0919492852108655e-06,4.6586482988469855e-07,1.0893924681396671e-07,825661.1955450644
2.619038274560076e-07,1.3780958536889364e-06,2.2268122143554e-06,1.8459619884118368e-07,4.778917995385437e-06,3.8287935340519105e-06,2.7610879650717695e-06,2.06237877184669e-06,2.47122759139988e-08,8.452629104451804e-07,1.0430051942823047e-06,3.8078642900322112e-06,1.55481258299309e-06,1.949205415461906e-06,6.900182500654504e-07,3.623811410475993e-07,825665.935616079
4.7505826310157213e-08,1.4733831861204292e-06,2.6087735515001016e-06,3.6567524996114925e-07,2.4269551447123705e-06,4.977890616439014e-07,2.8518954072066267e-07,1.7569760697775323e-07,1.7668971296308895e-08,4.571032556002103e-07,5.495565016521093e-07,1.1120122666615958e-06,1.181089682014624e-06,1.4890538808443896e-06,7.964439643328312e-07,1.9001913525060093e-07,825670.6728462937
1.0416299898757102e-07,2.720213067044459e-07,4.160897240840297e-06,2.546183368764176e-06,4.8258478050958326e-06,3.644475154062172e-06,9.532297595905652e-07,2.7656939019144604e-06,2.3293379184098178e-08,2.685873715906374e-06,5.849177570383752e-06,3.0456035044683894e-06,5.083796074585461e-06,2.6021874819618327e-06,2.14367865465733e-06,4.4253119216048735e-07,825675.4425018084
1.2273862119352106e-07,2.2716270211959887e-07,2.8795913051641876e-06,1.3886814982021638e-05,5.218585109998614e-06,1.306839633969789e-05,7.796917830135065e-07,5.093516178728589e-06,2.379021731917456e-08,1.1876495896617882e-05,1.457049757787086e-05,2.4234908100168772e-06,1.679338829560953e-05,7.4249722742667155e-06,5.240143001307531e-06,1.194552079935466e-06,825680.199393923
8.908209153181442e-08,1.5544196764081472e-06,1.588508150344411e-06,2.300216408121876e-05,1.1686016974959086e-05,5.045166182693318e-05,2.0712796964288778e-07,8.770026104884522e-06,3.430940895139545e-08,1.0592587179904626e-05,2.2867575307012736e-05,2.17310362858083e-06,1.4824187453613185e-05,9.438222768276272e-06,1.1214456116877195e-05,1.2430060076766426e-06,825684.9177045376
4.4945494709696456e-08,1.8139875840996663e-06,7.280045092766574e-07,1.1008533204675637e-05,7.082326044232912e-06,1.3626583703065357e-05,3.7118438447607597e-07,1.6609511916121964e-06,1.8399515045693692e-08,3.6652373454531892e-06,9.26304526406656e-06,3.4879069329679057e-06,4.018445366959215e-06,5.417949504902808e-06,4.684487271765539e-06,5.131179026673698e-07,825689.6102978521
9.29432469590728e-08,1.4919475146922451e-06,6.99965854638661e-07,7.257985842910262e-06,7.433556780573805e-06,7.636728040658318e-06,2.761108630273892e-07,2.743237729533802e-06,5.728906138441874e-08,8.290348865042647e-06,1.0831577018090491e-05,2.765938799419936e-06,1.750637087407106e-05,9.187010543295012e-06,4.868563432284065e-06,9.512711880338237e-07,825694.3756120668
1.8456305629132955e-07,1.2623950127075816e-06,1.0729856679606937e-06,4.286617869234651e-07,1.5035773651298032e-06,2.0108947498946337e-06,1.0708215590483285e-06,1.3322626765980968e-06,2.2184036683142875e-08,3.6681539824626676e-07,4.1691999133976294e-07,2.318282808472578e-06,1.3641640051534804e-06,1.0391605065498286e-06,3.821519648770283e-07,1.4789464492484996e-07,825699.1094936813
9.239721000045597e-08,3.0541567192020645e-06,1.8987229308367543e-06,2.76864153421364e-07,9.031296467869508e-07,1.3873668986005788e-06,7.731109455895943e-07,7.278865233398869e-07,2.1627311134104905e-08,4.6989569284396577e-07,4.6507397122295043e-07,1.345193225377041e-06,5.342905036171633e-07,8.797256030247004e-07,8.49524872892361e-07,2.1308874097769661e-07,825703.8543053961
1.911201140451645e-07,3.2556167540419586e-07,1.8876799599961374e-06,3.1701277419684327e-07,2.0285686823616594e-06,5.300049149744005e-07,2.2795755504813033e-07,6.356559050038003e-07,2.4890473297597788e-08,8.579169812277628e-07,9.01830928925732e-07,1.4351121230923546e-06,1.5752737865669003e-06,2.569288317776561e-06,6.85855372213181e-07,3.873994309911396e-07,825708.5761323106
1.5657000840785198e-07,2.727922736664325e-06,9.365205494186949e-07,2.5233952000534457e-07,6.756611622706843e-07,1.1293456603642008e-06,9.606790204352476e-07,1.2563602113707844e-06,3.128139346377774e-08,9.349078624089947e-07,7.053633376079979e-07,1.525546851765253e-06,1.083561214165709e-06,1.7579448103359475e-06,6.33888381671225e-07,2.0240004482504036e-07,825713.3138950253
6.413292266846238e-08,8.127082999529912e-07,3.839164357826044e-06,4.1289819979052714e-07,1.2658318801958953e-06,5.747804955648273e-07,1.086764985354244e-07,2.987501775382008e-07,1.4282098615541144e-08,5.552592663241344e-07,5.193770577288411e-07,2.5322257877669203e-06,1.3213764471099323e-06,1.272225980400398e-06,5.546511500992254e-07,1.0998182948624765e-07,825718.0275153398
2.46064283553622e-07,1.5318139548496764e-06,9.840240905849736e-07,6.895975855119077e-07,8.043247359414461e-07,3.572225877606295e-07,3.081967205438206e-07,4.182522677561396e-07,2.0795072606189914e-08,6.309640178660034e-07,6.995120426189697e-07,1.183221005580616e-06,2.567456692657302e-06,1.8694735203868013e-06,3.520114683808122e-07,1.508267208984829e-07,825722.7688676545
4.575309716364566e-08,1.666804056093728e-06,1.6973628880523787e-06,8.408155818521204e-07,8.880136292643941e-07,6.033230291665372e-07,3.662988796243224e-07,8.13380250212906e-07,2.0768283938740392e-08,1.2400434290004187e-06,1.1766004044294255e-06,1.9055380381135153e-06,2.758105924754745e-06,2.6659186889644434e-06,5.357092328521246e-07,3.967338783134198e-07,825727.5301337691
4.3644761539337097e-08,2.521478420531446e-07,1.4736686266470039e-06,3.6239796149743035e-07,5.167489619962611e-07,1.79073650415269e-06,5.638536442806879e-07,4.1452809388356623e-07,2.0380525143638285e-08,3.8052786407794393e-07,6.179056670794023e-07,7.726281431754064e-07,1.2965681765639056e-06,1.7429215947593452e-06,2.005638545664751e-07,1.228392772407435e-07,825732.2682706837
6.268139319244148e-08,1.621997731130877e-06,2.5072815368640605e-06,5.154407629641506e-07,2.348084294030669e-06,1.0752868549370527e-06,5.351454542477975e-07,3.029751912342603e-07,2.5645422914173528e-08,6.701011941327266e-07,7.770489095125335e-07,2.8341429297177138e-06,1.9731957344202008e-06,2.1422347946769523e-06,4.374951017914417e-07,1.5287551188669103e-07,825737.0243220985
1.1920543076892239e-07,4.466788151807779e-06,2.380599390620738e-06,4.3473073990246613e-07,1.6285273601794707e-06,9.49995154806023e-07,3.208836061600054e-07,4.414150113157377e-07,5.706987371026037e-08,8.978755992025594e-07,6.840086421940029e-07,2.834473430053293e-06,2.232063969396647e-06,2.3605905474216602e-06,8.142485121979759e-07,1.9879394482083883e-07,825741.759833013
2.41795170785656e-08,5.101983072998861e-07,3.0592074804466454e-06,1.461452187906297e-07,5.773010919606695e-07,5.88399799070049e-07,2.3114387966628467e-07,2.538493268092928e-07,3.268533388819611e-08,8.519728570124872e-07,1.2966320851952562e-06,1.736081563283971e-06,1.7405384279880303e-06,1.9992644116943818e-06,1.0103067217987157e-06,1.0547297077146458e-07,825746.5030884277
1.5513500473655635e-07,9.985457298175998e-07,2.5918776662410438e-06,9.391188480430318e-07,1.6575703982697931e-06,3.2157557764945587e-06,2.7684788572730505e-07,4.372192515808108e-07,3.802955041141288e-08,1.918388549697044e-06,1.6746179771707526e-06,3.192691981443885e-06,2.5972865449824083e-06,2.6566937611049305e-06,6.65462693750886e-07,3.783251477031424e-07,825751.2222754422
8.76017219427683e-08,1.708908961365285e-06,1.978688124132307e-06,3.649489426386118e-07,5.318326146068352e-07,1.7926629850903092e-07,2.0429571489486827e-07,5.967616038768872e-08,1.6094749198239514e-08,5.379850348015254e-07,4.618920487736301e-07,2.058491136859171e-06,1.1466136947959716e-06,1.3775791865264117e-06,5.457507196295815e-07,1.990413596146867e-07,825755.963040157
2.6051416106216364e-07,2.266391539910862e-06,4.222856688796849e-06,2.4515075949764117e-06,3.5100174881228593e-06,2.4521939940459075e-06,1.6154750125064177e-06,4.6815352215760137e-07,1.0613049286256205e-08,1.4181455218972888e-06,1.5148928540505012e-06,1.4083329623992876e-06,1.93065486456091e-06,2.9335526150997846e-06,8.762812721541504e-07,1.4481953829782987e-07,825760.7033680715
1.3051240136034367e-07,2.0140311665668542e-06,1.2120884678011157e-06,1.0393744549445578e-06,8.200939382477915e-07,4.5511748971626714e-06,3.847620359358396e-07,9.662168713222578e-07,1.4151040865909634e-08,1.7640098553585307e-06,1.4154508093779457e-06,1.6196238277926406e-06,2.3926602040936853e-06,1.8170765286863052e-06,8.995593594043643e-07,2.2751957365774417e-07,825765.4262565861
1.2524013731670847e-07,1.7795911890391898e-07,6.262928798030777e-07,2.6571716317976423e-06,6.111540147404872e-06,2.7197674157935816e-06,1.8479359642873078e-07,1.0928853911307673e-06,2.6354986864201765e-08,1.8210326062055536e-06,1.3154807543639849e-06,1.7746809596363902e-06,4.38688559342478e-06,5.143595101927668e-06,5.457701696568553e-07,4.7244725910524727e-07,825780.293448932
1.8905172266696302e-08,1.3229238646411457e-06,3.636850368433808e-06,4.618458997984793e-07,3.4457586163007085e-06,5.731976186181836e-07,5.745633108782037e-08,5.105130965837731e-07,2.9111702003855638e-08,5.500658945623624e-07,5.95667009496138e-07,2.1507415251593872e-06,2.0449706882847766e-06,2.3837601270048034e-06,1.2674860658199657e-06,4.971804386503728e-07,825795.1515091779
8.914410174000633e-08,1.3396344145400012e-06,3.431177559057066e-06,2.873394200578241e-07,4.8669589920312535e-06,9.490039617046719e-07,5.661615764300633e-07,1.2948272558615597e-06,2.0092979844478428e-08,8.95446435273331e-07,7.183177725527009e-07,2.65465503340426e-06,2.399395110024761e-06,2.11433911558819e-06,2.9534367087084815e-07,1.963620899359767e-07,825799.9090868926
1.1287035944110106e-07,1.0406628261498457e-06,3.2498473673975636e-06,8.865531794007584e-07,7.96699992265778e-07,1.1551833364219584e-06,6.053390285457419e-07,8.88606432033262e-07,2.361732771346751e-08,2.5509946646715306e-06,2.21796498676457e-06,2.6517562051265366e-06,5.192100732451911e-06,1.8726008533720538e-06,1.4512543967570816e-06,5.132747982025438e-07,825804.6726216072
4.5849640836911765e-08,4.4096789998341024e-07,5.785830496596547e-07,2.2853430708582283e-06,1.939296423724605e-06,5.858228699067589e-06,7.380111337587532e-08,3.1208691016593987e-06,2.3875077389955574e-08,1.7171036915102052e-06,2.6642325326921548e-06,1.4271975341245336e-06,1.3257024431563845e-06,5.4143228196109215e-06,3.1504752606244447e-06,2.55425661222893e-07,825809.4303033219
8.110980007636234e-08,4.3884078951184833e-07,7.747720867150844e-06,8.53513865044348e-07,2.138294753857141e-06,9.29545664871985e-07,2.1126219835737356e-07,3.3595023466562564e-07,2.2655343887012314e-08,4.483834942038361e-07,7.468687655270057e-07,2.3452015260070298e-06,1.7366072391064531e-06,1.8932256925093488e-06,6.845214929902495e-07,1.5985921342300736e-07,825814.1292383365
1.8336869061335058e-07,1.2521105413705264e-06,1.0373690585864793e-06,1.4083065288880633e-06,4.7555692095887523e-07,2.7687003967737875e-06,4.68518722462992e-07,4.660465900006548e-07,1.8620241676320648e-08,4.638705587332896e-06,3.0339596602910624e-06,1.9116600248908014e-06,3.908482078495114e-06,4.601343759026134e-06,2.122690249219266e-06,3.080427362063531e-07,825818.8654977512
1.5665664892933458e-07,6.381031358430982e-06,1.8091129595411624e-06,5.485500884560563e-07,1.1302005327272725e-06,1.7240973612849722e-06,4.365697713965585e-07,5.494851452040719e-07,1.9413810625858804e-08,3.3646588335065765e-07,5.84301401139835e-07,1.951292422493102e-06,1.8403329452425724e-06,1.684187467718029e-06,7.686431323891673e-07,2.2491543091373052e-07,825823.5878074657
1.5811873548401017e-07,9.734811020054785e-07,2.4750049525794664e-06,4.3041463897210693e-07,4.792167559208305e-06,1.7245069862278856e-06,3.8639045049815643e-07,1.5595984963381666e-07,1.544589703016747e-08,6.225486542231318e-07,9.21586171324938e-07,2.0187626215005718e-06,1.90169332891103e-06,1.5164575367655665e-06,7.958130839727754e-07,1.872623144282943e-07,825828.3239786802
1.2237655989594013e-07,5.259707330672264e-06,3.413417125855576e-06,5.624017896326016e-07,1.3475790156772448e-06,7.329013470363936e-07,6.418591617934043e-07,1.4653897206855685e-06,2.9287523536266678e-08,4.98686774806147e-07,6.912079554748158e-07,2.185017809725134e-06,1.6326192937320053e-06,1.8232496606622632e-06,5.89853987843966e-07,2.3124841744570787e-07,825833.0742204948
4.113207932531515e-08,7.665088028684704e-07,8.86069373366249e-07,7.043784708827637e-07,3.4688603942432137e-06,1.633793220478624e-07,1.0866687557408576e-07,2.645053454201875e-07,2.9026845438198836e-08,5.690352272847345e-07,8.135227116720176e-07,2.281318238054133e-06,2.221631500725383e-06,8.820907777664608e-07,4.0068443198296616e-07,1.8962544576609787e-07,825837.7928359094
9.930916938240693e-08,4.203283144773169e-06,3.1965830845127815e-06,3.6950451241338763e-07,2.9969921263167402e-06,1.0882003700926962e-06,1.317276240767958e-07,3.1183923315993347e-07,2.6926555571694168e-08,2.1912760276459465e-06,1.324119816921522e-06,1.81973821965117e-06,4.264069614862394e-06,1.786516217783852e-06,7.993422490563663e-07,4.2827766348386436e-07,825842.5486834242
1.714692592865798e-07,1.650695563062227e-06,4.000261103949603e-06,6.351514375279437e-07,1.3074401959253265e-06,1.7595434236670473e-06,3.811141231412007e-07,4.680580090315117e-07,1.589095494925087e-08,1.3647828898120483e-06,9.208064326737276e-07,3.5622815903147194e-06,1.2313689092251263e-06,2.409580631007034e-06,7.808963445738599e-07,2.77445223540248e-07,825847.2955132388
6.217148691351762e-08,1.6120959559943091e-06,1.4889362794789366e-06,2.0362530841675845e-07,1.2031752559155104e-06,8.163895143664008e-07,3.3041212536393425e-07,1.18089182642354e-06,2.0606258743036024e-08,5.978594626771888e-07,8.298329787113451e-07,2.2312237137231475e-06,2.123082689624668e-06,1.3228245612721738e-06,8.301694686200287e-07,1.1892498524978403e-07,825852.0270355535
8.099604215088932e-08,5.688205278598368e-07,1.6521635221621145e-06,1.4615547375497145e-07,2.8183073965122516e-06,1.9989354762645894e-06,5.273373474831659e-07,2.641295228118402e-07,2.629504686685107e-08,7.249372296157399e-07,9.60783371334972e-07,2.985543422544246e-06,1.9416413347951462e-06,1.224719420154436e-06,5.718048401430695e-07,1.0566097806153788e-07,825856.7242393679
1.1751362597824112e-07,7.375382494954606e-07,9.249918882928606e-07,2.996352389093803e-07,8.741647862067207e-07,1.8511136113537691e-06,6.796327008321589e-07,1.1218710093096046e-07,1.0529147301888083e-08,1.0333735080827921e-06,5.485088903377729e-07,3.911296556588103e-06,1.941431864781493e-06,1.381922694227964e-06,1.0001896182917376e-06,2.273455293162952e-07,825861.4483121826
1.9272142568397175e-07,2.2662800208998935e-06,5.11671521700358e-07,8.427465140613133e-07,1.7979853353423722e-06,8.747811280266502e-07,5.043367426484814e-07,4.330659250666801e-07,1.6973934693819973e-08,5.133175871247411e-07,8.455302409492834e-07,2.1653379754409286e-06,2.755907920633555e-06,2.0870042417195898e-06,8.938211401863543e-07,1.0739737663447353e-07,825866.1748994971
1.5644858241511223e-07,3.7195408804354073e-06,4.67917028172429e-06,6.036427120196774e-07,3.2958458634085103e-06,1.1471231201036923e-06,1.912124229086092e-06,8.646189714191676e-07,1.835698644336814e-08,6.35056451014553e-07,7.042486984982449e-07,9.107442168796736e-07,2.8200205992468194e-06,1.0428519899855317e-06,6.027974066769041e-07,1.592977110659899e-07,825870.9233589118
1.2253933015397914e-07,2.5417896797573282e-06,1.2630405593853838e-06,2.688653200709593e-07,1.4012684000571796e-06,5.796351723832798e-07,2.4156440278406413e-07,7.76623753989995e-07,2.0968292715089732e-08,1.2190088283733922e-06,1.034235521436e-06,3.5420490497882646e-06,2.1945339252744718e-06,1.4025480476750277e-06,4.907812550419841e-07,1.5804267279452658e-07,825875.6726190264
2.3179186382556299e-07,1.265202629917257e-06,2.261802383432992e-06,1.078801210154794e-06,3.8092733189040096e-06,8.64016966604777e-07,6.121169733444698e-07,5.126217942881121e-07,3.091851408055513e-08,6.19373428930195e-07,7.035577590088997e-07,1.9149072898562382e-06,1.0764902142481295e-06,1.418189706191744e-06,7.477231153872648e-07,1.4998973035864313e-07,825880.401472841
9.42712030377443e-08,7.702305589035262e-07,2.2552353440065784e-06,9.76611615892156e-08,8.697078968703026e-07,3.5537862854753194e-07,2.488010708431339e-07,2.411597827089032e-07,3.631614873153872e-08,9.532709043082122e-07,6.276600058417949e-07,1.4076510595528556e-06,1.7757487059366035e-06,1.696009708540344e-06,5.917206774842098e-07,1.6008941873406277e-07,825885.1508448557
9.600663974535282e-08,2.435628154892938e-06,8.75100725393633e-07,9.46302414336402e-08,2.0541127961034517e-06,4.006741236442468e-07,1.6312461692826924e-07,1.3092462834371688e-07,3.060130140078444e-08,6.325214468532229e-07,8.679769643176767e-07,1.8664168793899299e-06,2.1109680582979554e-06,1.934892099589436e-06,4.889180450332056e-07,1.5715483669811356e-07,825889.8843220703
1.0354545940650578e-07,2.055496604645671e-06,5.348435359200832e-06,4.2056099270235517e-07,1.1458890959513629e-06,6.011563681771884e-07,6.561919134400142e-07,5.88012655847936e-07,2.3513459474643883e-08,8.882015671726668e-07,4.7155154169626647e-07,1.2118959534366229e-06,1.2933639008996473e-06,3.333302594434872e-06,7.181703622516351e-07,3.031643414863691e-07,825894.663433585
7.002238852539338e-08,2.806605334525565e-06,4.330326623589344e-07,6.921021907232956e-07,2.7091580352790886e-06,2.4435668887575354e-06,1.0618676174058583e-06,1.1025802245947087e-06,1.4619492645348198e-08,9.970150151661484e-07,7.455623719115339e-07,2.5100717613683817e-06,1.4302072067449582e-06,1.1750064324047848e-06,4.2728397269397707e-07,2.571768258500061e-07,825899.3670499995
1.4574067073069702e-07,2.1795170615388112e-06,2.7906638636683786e-06,6.092040684767582e-07,1.504821621980825e-06,1.064953538276166e-06,5.699226141328627e-07,9.094280942752906e-07,3.854682077514028e-08,5.928707726519284e-07,8.612097608316859e-07,2.7368802720873346e-06,1.4361647487097312e-06,1.1257336871070988e-06,9.328568708852656e-07,4.1489772666176254e-07,825904.0942148141
